[
  {
    "name": "Red Herring V2",
    "author": "JellyTitan"
  },
  [
    {
      "y": 0.25,
      "x": 0.75,
      "c": "#777777"
    },
    "5,14",
    {
      "x": 0.5,
      "c": "#cccccc"
    },
    "0,0",
    "0,1",
    {
      "x": 8.75
    },
    "0,10",
    "0,11",
    {
      "x": 0.13000000000000078,
      "c": "#aaaaaa"
    },
    "0,12",
    {
      "x": -3.552713678800501e-15
    },
    "0,13",
    {
      "x": 0.870000000000001
    },
    "0,14"
  ],
  [
    {
      "y": 0.25,
      "x": 2,
      "c": "#cccccc"
    },
    "1,0",
    "1,1",
    {
      "x": 9.25
    },
    "1,10",
    "1,11",
    "1,12",
    {
      "c": "#aaaaaa",
      "w": 2
    },
    "1,14\n\n\n0,0",
    {
      "x": 0.5,
      "c": "#cccccc"
    },
    "2,14"
  ],
  [
    {
      "x": 1.25,
      "c": "#aaaaaa",
      "w": 1.5
    },
    "2,0",
    {
      "c": "#cccccc"
    },
    "2,1",
    {
      "x": 9.75
    },
    "2,10",
    "2,11",
    "2,12",
    {
      "w": 1.5
    },
    "2,13\n\n\n1,0",
    {
      "x": 0.5
    },
    "3,13"
  ],
  [
    {
      "x": 0.75,
      "c": "#aaaaaa",
      "w": 1.75
    },
    "3,0",
    {
      "c": "#cccccc"
    },
    "3,1",
    {
      "x": 10.25
    },
    "3,10",
    "3,11",
    {
      "c": "#777777",
      "w": 2.25
    },
    "3,12\n\n\n1,0",
    {
      "x": 0.25,
      "c": "#cccccc"
    },
    "3,14"
  ],
  [
    {
      "c": "#aaaaaa",
      "w": 2.25
    },
    "4,0\n\n\n2,0",
    {
      "c": "#cccccc"
    },
    "4,1",
    {
      "x": 10.75
    },
    "4,10",
    {
      "c": "#aaaaaa",
      "w": 2.25
    },
    "4,12\n\n\n3,0"
  ],
  [
    {
      "y": -0.75,
      "x": 17.5,
      "c": "#777777"
    },
    "4,13"
  ],
  [
    {
      "y": -0.25,
      "x": 0.5,
      "c": "#aaaaaa",
      "w": 1.25
    },
    "5,0",
    {
      "w": 1.25
    },
    "5,1",
    {
      "x": 10.75,
      "w": 1.25
    },
    "5,9",
    {
      "w": 1.25
    },
    "5,10"
  ],
  [
    {
      "y": -0.75,
      "x": 16.5,
      "c": "#777777"
    },
    "5,11",
    "5,12",
    "5,13"
  ],
  [
    {
      "r": 14,
      "rx": 4,
      "ry": 2.5,
      "y": -2.37,
      "x": 1,
      "c": "#cccccc"
    },
    "0,3"
  ],
  [
    {
      "y": -0.8799999999999999
    },
    "0,2",
    {
      "x": 1,
      "c": "#aaaaaa"
    },
    "0,4"
  ],
  [
    {
      "y": -0.87,
      "x": 3
    },
    "0,5"
  ],
  [
    {
      "x": 1,
      "c": "#cccccc"
    },
    "1,3"
  ],
  [
    {
      "y": -0.8799999999999999
    },
    "1,2",
    {
      "x": 1
    },
    "1,4"
  ],
  [
    {
      "y": -0.8700000000000001,
      "x": 3
    },
    "1,5"
  ],
  [
    {
      "y": -0.25,
      "x": 1
    },
    "2,3"
  ],
  [
    {
      "y": -0.8799999999999999
    },
    "2,2",
    {
      "x": 1
    },
    "2,4"
  ],
  [
    {
      "y": -0.8700000000000001,
      "x": 3
    },
    "2,5"
  ],
  [
    {
      "y": -0.25,
      "x": 1
    },
    "3,3"
  ],
  [
    {
      "y": -0.8799999999999999
    },
    "3,2",
    {
      "x": 1
    },
    "3,4"
  ],
  [
    {
      "y": -0.8700000000000001,
      "x": 3
    },
    "3,5"
  ],
  [
    {
      "y": -0.25,
      "x": 1
    },
    "4,3"
  ],
  [
    {
      "y": -0.8799999999999999
    },
    "4,2",
    {
      "x": 1
    },
    "4,4"
  ],
  [
    {
      "y": -0.8700000000000001,
      "x": 3
    },
    "4,5",
    "5,5"
  ],
  [
    {
      "y": -0.1299999999999999,
      "x": 0.5,
      "c": "#aaaaaa",
      "w": 1.25
    },
    "5,2",
    {
      "c": "#cccccc",
      "w": 1.25
    },
    "5,3"
  ],
  [
    {
      "y": -0.8700000000000001,
      "x": 3,
      "w": 2
    },
    "5,4"
  ],
  [
    {
      "r": -14,
      "rx": 13.25,
      "y": -2.37,
      "x": -2
    },
    "0,8"
  ],
  [
    {
      "y": -0.8799999999999999,
      "x": -3,
      "c": "#aaaaaa"
    },
    "0,7",
    {
      "x": 1,
      "c": "#cccccc"
    },
    "0,9"
  ],
  [
    {
      "y": -0.87,
      "x": -4,
      "c": "#aaaaaa"
    },
    "0,6"
  ],
  [
    {
      "x": -2,
      "c": "#cccccc"
    },
    "1,8"
  ],
  [
    {
      "y": -0.8799999999999999,
      "x": -3
    },
    "1,7",
    {
      "x": 1
    },
    "1,9"
  ],
  [
    {
      "y": -0.8700000000000001,
      "x": -4
    },
    "1,6"
  ],
  [
    {
      "y": -0.25,
      "x": -2
    },
    "2,8"
  ],
  [
    {
      "y": -0.8799999999999999,
      "x": -3
    },
    "2,7",
    {
      "x": 1
    },
    "2,9"
  ],
  [
    {
      "y": -0.8700000000000001,
      "x": -4
    },
    "2,6"
  ],
  [
    {
      "y": -0.25,
      "x": -2
    },
    "3,8"
  ],
  [
    {
      "y": -0.8799999999999999,
      "x": -3
    },
    "3,7",
    {
      "x": 1
    },
    "3,9"
  ],
  [
    {
      "y": -0.8700000000000001,
      "x": -4
    },
    "3,6"
  ],
  [
    {
      "y": -0.25,
      "x": -2
    },
    "4,8"
  ],
  [
    {
      "y": -0.8799999999999999,
      "x": -3
    },
    "4,7",
    {
      "x": 1
    },
    "4,9"
  ],
  [
    {
      "y": -0.8700000000000001,
      "x": -5
    },
    "5,6",
    "4,6"
  ],
  [
    {
      "y": -0.1299999999999999,
      "x": -2.25,
      "c": "#aaaaaa",
      "w": 1.25
    },
    "5,8"
  ],
  [
    {
      "y": -0.8700000000000001,
      "x": -5,
      "c": "#cccccc",
      "w": 2.75
    },
    "5,7"
  ]
]